game_date,home_team,away_team,model_prob_home,moneyline_home,moneyline_away,has_edge,bet_side,bet_edge_pct,bet_odds,kelly_frac,expected_value,home_won,result_correct,pnl_per_unit,Bet Size,Bet Results,10000
22/05/2025,ATL,IND,0.5315,164,-198,FALSE,,,,0,,0,,,0,0,10000
24/05/2025,ATL,DAL,0.6969,-250,205,FALSE,,,,0,,1,,,0,0,10000
25/05/2025,ATL,CON,0.4015,-425,330,FALSE,,,,0,,1,,,0,0,10000
10/06/2025,ATL,IND,0.4123,-192,160,TRUE,IND,21.87,160,3,0.5281,1,0,-1,100,0,9900
13/06/2025,ATL,CHI,0.8059,-700,500,FALSE,,,,0,,1,,,0,0,9900
20/06/2025,ATL,WAS,0.677,-410,320,FALSE,,,,0,,1,,,0,0,9900
22/06/2025,ATL,CHI,0.7801,-1450,850,FALSE,,,,0,,1,,,0,0,9900
27/06/2025,ATL,MIN,0.3492,-120,100,FALSE,,,,0,,0,,,0,0,9900
29/06/2025,ATL,NYL,0.3475,114,-135,FALSE,,,,0,,1,,,0,0,9900
03/07/2025,ATL,SEA,0.415,120,-142,FALSE,,,,0,,0,,,0,0,9900
07/07/2025,ATL,GSV,0.4597,-278,225,TRUE,GSV,24.54,225,3,0.7561,1,0,-1,100,0,9800
29/07/2025,ATL,GSV,0.6025,-355,280,FALSE,,,,0,,0,,,0,0,9800
01/08/2025,ATL,PHO,0.4618,136,-162,FALSE,,,,0,,1,,,0,0,9800
03/08/2025,ATL,WAS,0.567,-270,220,FALSE,,,,0,,1,,,0,0,9800
15/08/2025,ATL,SEA,0.6388,-142,120,FALSE,,,,0,,0,,,0,0,9800
21/08/2025,ATL,MIN,0.5058,124,-148,FALSE,,,,0,,1,,,0,0,9800
23/08/2025,ATL,NYL,0.514,-205,170,FALSE,,,,0,,1,,,0,0,9800
27/08/2025,ATL,LA,0.4777,-142,120,FALSE,,,,0,,0,,,0,0,9800
29/08/2025,ATL,DAL,0.8161,-1200,750,FALSE,,,,0,,1,,,0,0,9800
03/09/2025,ATL,LA,0.6424,-325,260,FALSE,,,,0,,1,,,0,0,9800
05/09/2025,ATL,LA,0.6968,-265,215,FALSE,,,,0,,1,,,0,0,9800
08/09/2025,ATL,CON,0.753,-1000,650,FALSE,,,,0,,1,,,0,0,9800
22/05/2025,CHI,NYL,0.1102,455,-625,FALSE,,,,0,,0,,,0,0,9800
29/05/2025,CHI,DAL,0.2005,114,-135,TRUE,DAL,24.81,-135,3,0.3917,1,0,-1,100,0,9700
07/06/2025,CHI,IND,0.3264,130,-155,FALSE,,,,0,,0,,,0,0,9700
17/06/2025,CHI,WAS,0.3641,170,-205,FALSE,,,,0,,0,,,0,0,9700
21/06/2025,CHI,PHO,0.4164,410,-550,FALSE,,,,0,,0,,,0,0,9700
24/06/2025,CHI,LA,0.6297,200,-245,FALSE,,,,0,,1,,,0,0,9700
09/07/2025,CHI,DAL,0.6553,-115,-105,FALSE,,,,0,,1,,,0,0,9700
12/07/2025,CHI,MIN,0.1642,455,-625,FALSE,,,,0,,1,,,0,0,9700
14/07/2025,CHI,MIN,0.2427,455,-625,FALSE,,,,0,,0,,,0,0,9700
16/07/2025,CHI,ATL,0.1941,300,-380,FALSE,,,,0,,0,,,0,0,9700
24/07/2025,CHI,SEA,0.2585,350,-455,FALSE,,,,0,,0,,,0,0,9700
27/07/2025,CHI,IND,0.2696,340,-440,FALSE,,,,0,,0,,,0,0,9700
01/08/2025,CHI,GSV,0.2345,200,-245,FALSE,,,,0,,0,,,0,0,9700
03/08/2025,CHI,PHO,0.1683,650,-1000,FALSE,,,,0,,0,,,0,0,9700
05/08/2025,CHI,WAS,0.1934,310,-395,FALSE,,,,0,,1,,,0,0,9700
07/08/2025,CHI,ATL,0.1427,320,-410,FALSE,,,,0,,0,,,0,0,9700
15/08/2025,CHI,GSV,0.2209,235,-290,FALSE,,,,0,,0,,,0,0,9700
19/08/2025,CHI,SEA,0.1354,455,-625,FALSE,,,,0,,0,,,0,0,9700
23/08/2025,CHI,CON,0.2191,-148,124,TRUE,CON,35.29,124,3,0.7492,0,1,1.24,100,224,9824
25/08/2025,CHI,LA,0.154,440,-600,FALSE,,,,0,,0,,,0,0,9824
03/09/2025,CHI,CON,0.2564,-125,105,FALSE,,,,0,,1,,,0,0,9824
11/09/2025,CHI,NYL,0.2149,575,-850,FALSE,,,,0,,0,,,0,0,9824
18/05/2025,CON,WAS,0.6819,145,-175,FALSE,,,,0,,0,,,0,0,9824
20/05/2025,CON,LA,0.5356,550,-800,FALSE,,,,0,,0,,,0,0,9824
27/05/2025,CON,DAL,0.6773,160,-192,FALSE,,,,0,,0,,,0,0,9824
06/06/2025,CON,ATL,0.388,310,-395,FALSE,,,,0,,1,,,0,0,9824
15/06/2025,CON,CHI,0.7309,-115,-105,FALSE,,,,0,,0,,,0,0,9824
18/06/2025,CON,PHO,0.3826,675,-1050,FALSE,,,,0,,0,,,0,0,9824
20/06/2025,CON,DAL,0.5122,180,-218,FALSE,,,,0,,0,,,0,0,9824
06/07/2025,CON,LA,0.2834,1100,-2100,FALSE,,,,0,,0,,,0,0,9824
09/07/2025,CON,SEA,0.1885,1000,-1800,FALSE,,,,0,,1,,,0,0,9824
15/07/2025,CON,IND,0.2079,800,-1350,FALSE,,,,0,,0,,,0,0,9824
24/07/2025,CON,LA,0.3699,215,-265,FALSE,,,,0,,0,,,0,0,9824
27/07/2025,CON,GSV,0.2116,200,-245,FALSE,,,,0,,1,,,0,0,9824
28/07/2025,CON,SEA,0.4426,490,-675,FALSE,,,,0,,0,,,0,0,9824
01/08/2025,CON,NYL,0.1982,455,-625,FALSE,,,,0,,1,,,0,0,9824
03/08/2025,CON,NYL,0.2705,500,-700,FALSE,,,,0,,0,,,0,0,9824
13/08/2025,CON,CHI,0.716,-142,120,FALSE,,,,0,,1,,,0,0,9824
17/08/2025,CON,IND,0.3729,240,-298,FALSE,,,,0,,0,,,0,0,9824
21/08/2025,CON,WAS,0.6057,120,-142,FALSE,,,,0,,1,,,0,0,9824
30/08/2025,CON,MIN,0.391,700,-1100,FALSE,,,,0,,0,,,0,0,9824
01/09/2025,CON,ATL,0.2549,425,-575,FALSE,,,,0,,0,,,0,0,9824
06/09/2025,CON,PHO,0.3102,440,-600,FALSE,,,,0,,1,,,0,0,9824
10/09/2025,CON,ATL,0.3631,625,-950,FALSE,,,,0,,0,,,0,0,9824
16/05/2025,DAL,MIN,0.2866,198,-250,FALSE,,,,0,,0,,,0,0,9824
19/05/2025,DAL,SEA,0.2965,130,-155,FALSE,,,,0,,0,,,0,0,9824
31/05/2025,DAL,CHI,0.5831,-125,105,FALSE,,,,0,,0,,,0,0,9824
06/06/2025,DAL,LA,0.5166,110,-130,FALSE,,,,0,,0,,,0,0,9824
08/06/2025,DAL,MIN,0.3701,340,-440,FALSE,,,,0,,0,,,0,0,9824
17/06/2025,DAL,GSV,0.4384,-155,130,FALSE,,,,0,,1,,,0,0,9824
24/06/2025,DAL,ATL,0.3988,300,-380,FALSE,,,,0,,1,,,0,0,9824
27/06/2025,DAL,IND,0.6155,130,-155,FALSE,,,,0,,0,,,0,0,9824
28/06/2025,DAL,WAS,0.6248,120,-142,FALSE,,,,0,,1,,,0,0,9824
03/07/2025,DAL,PHO,0.5216,440,-600,FALSE,,,,0,,1,,,0,0,9824
16/07/2025,DAL,LA,0.2934,1600,-10000,FALSE,,,,0,,0,,,0,0,9824
27/07/2025,DAL,LA,0.4773,340,-440,FALSE,,,,0,,0,,,0,0,9824
28/07/2025,DAL,NYL,0.2304,260,-325,FALSE,,,,0,,1,,,0,0,9824
30/07/2025,DAL,ATL,0.2259,154,-185,TRUE,ATL,15.16,-185,3,0.1925,0,1,0.5405,100,154.0540541,9878.054054
01/08/2025,DAL,IND,0.359,150,-180,FALSE,,,,0,,0,,,0,0,9878.054054
08/08/2025,DAL,NYL,0.2069,300,-380,FALSE,,,,0,,0,,,0,0,9878.054054
10/08/2025,DAL,WAS,0.4162,-155,130,TRUE,WAS,16.68,130,3,0.3428,0,1,1.3,100,230,10008.05405
15/08/2025,DAL,LA,0.4401,160,-192,FALSE,,,,0,,0,,,0,0,10008.05405
22/08/2025,DAL,SEA,0.3531,295,-375,FALSE,,,,0,,0,,,0,0,10008.05405
24/08/2025,DAL,GSV,0.3335,120,-142,FALSE,,,,0,,0,,,0,0,10008.05405
27/08/2025,DAL,CON,0.2149,145,-175,TRUE,CON,17.59,-175,3,0.2338,0,1,0.5714,100,157.1428571,10065.19691
11/09/2025,DAL,PHO,0.1935,195,-238,FALSE,,,,0,,1,,,0,0,10065.19691
16/05/2025,GSV,LA,0.5877,225,-290,FALSE,,,,0,,0,,,0,0,10065.19691
21/05/2025,GSV,WAS,0.4178,200,-245,FALSE,,,,0,,1,,,0,0,10065.19691
01/06/2025,GSV,MIN,0.4211,440,-600,FALSE,,,,0,,0,,,0,0,10065.19691
07/06/2025,GSV,LA,0.457,575,-850,FALSE,,,,0,,1,,,0,0,10065.19691
14/06/2025,GSV,SEA,0.425,400,-535,FALSE,,,,0,,1,,,0,0,10065.19691
19/06/2025,GSV,IND,0.5763,490,-675,FALSE,,,,0,,1,,,0,0,10065.19691
22/06/2025,GSV,CON,0.7699,-485,370,FALSE,,,,0,,1,,,0,0,10065.19691
25/06/2025,GSV,NYL,0.3506,280,-355,FALSE,,,,0,,0,,,0,0,10065.19691
27/06/2025,GSV,CHI,0.7872,-395,310,FALSE,,,,0,,1,,,0,0,10065.19691
29/06/2025,GSV,SEA,0.3661,190,-230,FALSE,,,,0,,1,,,0,0,10065.19691
14/07/2025,GSV,PHO,0.3762,-122,102,FALSE,,,,0,,0,,,0,0,10065.19691
25/07/2025,GSV,DAL,0.5097,-166,140,FALSE,,,,0,,1,,,0,0,10065.19691
06/08/2025,GSV,LA,0.4177,190,-230,FALSE,,,,0,,0,,,0,0,10065.19691
09/08/2025,GSV,LA,0.7767,120,-142,FALSE,,,,0,,1,,,0,0,10065.19691
11/08/2025,GSV,CON,0.4897,-395,310,TRUE,CON,27.62,310,3,1.0921,1,0,-1,100,0,9965.196911
17/08/2025,GSV,ATL,0.4047,150,-180,FALSE,,,,0,,0,,,0,0,9965.196911
19/08/2025,GSV,PHO,0.4163,250,-310,FALSE,,,,0,,0,,,0,0,9965.196911
30/08/2025,GSV,WAS,0.7279,-218,180,FALSE,,,,0,,1,,,0,0,9965.196911
31/08/2025,GSV,IND,0.725,110,-130,FALSE,,,,0,,1,,,0,0,9965.196911
02/09/2025,GSV,NYL,0.7523,205,-250,FALSE,,,,0,,1,,,0,0,9965.196911
04/09/2025,GSV,DAL,0.6683,-625,455,FALSE,,,,0,,1,,,0,0,9965.196911
06/09/2025,GSV,MIN,0.5948,225,-278,FALSE,,,,0,,0,,,0,0,9965.196911
17/05/2025,IND,CHI,0.5868,-355,280,TRUE,CHI,16.1,280,3,0.5703,1,0,-1,100,0,9865.196911
20/05/2025,IND,ATL,0.4642,-340,270,TRUE,ATL,27.67,270,3,0.9826,0,1,2.7,100,370,10135.19691
24/05/2025,IND,NYL,0.2716,142,-170,FALSE,,,,0,,0,,,0,0,10135.19691
30/05/2025,IND,CON,0.5148,-700,500,FALSE,,,,0,,0,,,0,0,10135.19691
03/06/2025,IND,WAS,0.6869,-205,170,FALSE,,,,0,,1,,,0,0,10135.19691
14/06/2025,IND,NYL,0.4019,170,-205,FALSE,,,,0,,1,,,0,0,10135.19691
17/06/2025,IND,CON,0.7667,-1800,1000,FALSE,,,,0,,1,,,0,0,10135.19691
26/06/2025,IND,LA,0.7482,-575,425,FALSE,,,,0,,0,,,0,0,10135.19691
03/07/2025,IND,LA,0.5547,150,-180,FALSE,,,,0,,1,,,0,0,10135.19691
05/07/2025,IND,LA,0.7071,-245,200,FALSE,,,,0,,0,,,0,0,10135.19691
09/07/2025,IND,GSV,0.5694,-395,310,TRUE,GSV,19.65,310,3,0.7653,0,1,3.1,100,410,10445.19691
11/07/2025,IND,ATL,0.3227,-142,120,FALSE,,,,0,,1,,,0,0,10445.19691
13/07/2025,IND,DAL,0.5913,-550,410,FALSE,,,,0,,1,,,0,0,10445.19691
24/07/2025,IND,LA,0.4189,120,-142,FALSE,,,,0,,1,,,0,0,10445.19691
30/07/2025,IND,PHO,0.5326,150,-180,FALSE,,,,0,,1,,,0,0,10445.19691
09/08/2025,IND,CHI,0.7329,-600,440,FALSE,,,,0,,1,,,0,0,10445.19691
12/08/2025,IND,DAL,0.6744,-325,260,FALSE,,,,0,,0,,,0,0,10445.19691
15/08/2025,IND,WAS,0.548,-380,300,TRUE,WAS,21.2,300,3,0.8079,0,1,3,100,400,10745.19691
22/08/2025,IND,MIN,0.3354,195,-238,FALSE,,,,0,,0,,,0,0,10745.19691
26/08/2025,IND,SEA,0.4384,142,-170,FALSE,,,,0,,1,,,0,0,10745.19691
05/09/2025,IND,CHI,0.6835,-850,575,FALSE,,,,0,,1,,,0,0,10745.19691
09/09/2025,IND,MIN,0.5108,124,-148,FALSE,,,,0,,1,,,0,0,10745.19691
18/05/2025,LA,MIN,0.4648,225,-278,FALSE,,,,0,,0,,,0,0,10745.19691
23/05/2025,LA,GSV,0.7467,-600,440,FALSE,,,,0,,0,,,0,0,10745.19691
25/05/2025,LA,CHI,0.6821,-175,145,FALSE,,,,0,,1,,,0,0,10745.19691
27/05/2025,LA,ATL,0.3548,-118,-102,TRUE,ATL,16.25,-102,3,0.2777,0,1,0.9804,100,198.0392157,10843.23613
01/06/2025,LA,PHO,0.3586,-192,160,TRUE,PHO,27.24,160,3,0.6678,0,1,1.6,100,260,11003.23613
09/06/2025,LA,GSV,0.56,-250,205,FALSE,,,,0,,0,,,0,0,11003.23613
17/06/2025,LA,SEA,0.3228,320,-410,FALSE,,,,0,,0,,,0,0,11003.23613
29/06/2025,LA,CHI,0.6064,-355,280,FALSE,,,,0,,0,,,0,0,11003.23613
10/07/2025,LA,MIN,0.2358,235,-290,FALSE,,,,0,,0,,,0,0,11003.23613
13/07/2025,LA,CON,0.6265,-650,470,FALSE,,,,0,,1,,,0,0,11003.23613
15/07/2025,LA,WAS,0.4349,110,-130,FALSE,,,,0,,1,,,0,0,11003.23613
29/07/2025,LA,LA,0.3495,120,-142,FALSE,,,,0,,0,,,0,0,11003.23613
05/08/2025,LA,IND,0.4334,105,-125,FALSE,,,,0,,1,,,0,0,11003.23613
07/08/2025,LA,CON,0.4456,-575,425,FALSE,,,,0,,1,,,0,0,11003.23613
10/08/2025,LA,SEA,0.3182,142,-170,FALSE,,,,0,,1,,,0,0,11003.23613
12/08/2025,LA,NYL,0.2193,142,-170,TRUE,NYL,17.69,-170,3,0.2399,0,1,0.5882,100,158.8235294,11062.05966
20/08/2025,LA,DAL,0.4815,-340,270,TRUE,DAL,25.94,270,3,0.9185,1,0,-1,100,0,10962.05966
26/08/2025,LA,PHO,0.3882,160,-192,FALSE,,,,0,,0,,,0,0,10962.05966
29/08/2025,LA,IND,0.5035,-120,100,FALSE,,,,0,,0,,,0,0,10962.05966
31/08/2025,LA,WAS,0.7161,-395,310,FALSE,,,,0,,1,,,0,0,10962.05966
07/09/2025,LA,DAL,0.638,-470,360,FALSE,,,,0,,1,,,0,0,10962.05966
11/09/2025,LA,LA,0.4347,455,-625,FALSE,,,,0,,0,,,0,0,10962.05966
23/05/2025,LA,WAS,0.7905,-1050,675,FALSE,,,,0,,1,,,0,0,10962.05966
30/05/2025,LA,LA,0.8431,-535,400,FALSE,,,,0,,1,,,0,0,10962.05966
11/06/2025,LA,LA,0.802,-550,410,FALSE,,,,0,,0,,,0,0,10962.05966
13/06/2025,LA,DAL,0.8456,-258,210,FALSE,,,,0,,1,,,0,0,10962.05966
15/06/2025,LA,PHO,0.6399,170,-205,FALSE,,,,0,,0,,,0,0,10962.05966
20/06/2025,LA,SEA,0.4014,114,-135,FALSE,,,,0,,0,,,0,0,10962.05966
22/06/2025,LA,IND,0.6592,-102,-118,FALSE,,,,0,,1,,,0,0,10962.05966
25/06/2025,LA,CON,0.7794,-2400,1200,FALSE,,,,0,,1,,,0,0,10962.05966
26/06/2025,LA,WAS,0.5986,-395,310,TRUE,WAS,16.73,310,3,0.6459,0,1,3.1,100,410,11272.05966
12/07/2025,LA,GSV,0.5718,-110,-110,FALSE,,,,0,,1,,,0,0,11272.05966
22/07/2025,LA,ATL,0.3629,-115,-105,FALSE,,,,0,,1,,,0,0,11272.05966
02/08/2025,LA,MIN,0.51,195,-238,FALSE,,,,0,,0,,,0,0,11272.05966
03/08/2025,LA,GSV,0.7046,-340,270,FALSE,,,,0,,1,,,0,0,11272.05966
08/08/2025,LA,SEA,0.4012,-118,-102,FALSE,,,,0,,1,,,0,0,11272.05966
10/08/2025,LA,CON,0.7561,-850,575,FALSE,,,,0,,1,,,0,0,11272.05966
13/08/2025,LA,NYL,0.3987,-142,120,FALSE,,,,0,,1,,,0,0,11272.05966
17/08/2025,LA,DAL,0.5884,-535,400,FALSE,,,,0,,1,,,0,0,11272.05966
19/08/2025,LA,ATL,0.3884,-135,114,FALSE,,,,0,,1,,,0,0,11272.05966
21/08/2025,LA,PHO,0.4549,-125,105,FALSE,,,,0,,1,,,0,0,11272.05966
04/09/2025,LA,MIN,0.5111,114,-135,FALSE,,,,0,,1,,,0,0,11272.05966
07/09/2025,LA,CHI,0.8917,-1800,1000,FALSE,,,,0,,1,,,0,0,11272.05966
09/09/2025,LA,CHI,0.9092,-2100,1100,FALSE,,,,0,,1,,,0,0,11272.05966
21/05/2025,MIN,DAL,0.8497,-675,490,FALSE,,,,0,,1,,,0,0,11272.05966
23/05/2025,MIN,CON,0.5455,-1450,850,FALSE,,,,0,,1,,,0,0,11272.05966
27/05/2025,MIN,SEA,0.5866,-285,230,FALSE,,,,0,,1,,,0,0,11272.05966
03/06/2025,MIN,PHO,0.6706,-800,550,FALSE,,,,0,,1,,,0,0,11272.05966
14/06/2025,MIN,LA,0.7678,-575,425,FALSE,,,,0,,1,,,0,0,11272.05966
17/06/2025,MIN,LA,0.7606,-900,600,FALSE,,,,0,,1,,,0,0,11272.05966
21/06/2025,MIN,LA,0.8347,-520,390,FALSE,,,,0,,1,,,0,0,11272.05966
29/06/2025,MIN,CON,0.8425,-3200,1400,FALSE,,,,0,,1,,,0,0,11272.05966
03/07/2025,MIN,WAS,0.9161,-750,525,FALSE,,,,0,,1,,,0,0,11272.05966
05/07/2025,MIN,GSV,0.7671,-410,320,FALSE,,,,0,,1,,,0,0,11272.05966
06/07/2025,MIN,CHI,0.8844,-1450,850,FALSE,,,,0,,1,,,0,0,11272.05966
16/07/2025,MIN,PHO,0.6144,-600,440,FALSE,,,,0,,1,,,0,0,11272.05966
22/07/2025,MIN,CHI,0.8827,-1100,700,FALSE,,,,0,,1,,,0,0,11272.05966
25/07/2025,MIN,LA,0.7225,-455,350,FALSE,,,,0,,1,,,0,0,11272.05966
27/07/2025,MIN,ATL,0.8131,-425,330,FALSE,,,,0,,0,,,0,0,11272.05966
30/07/2025,MIN,NYL,0.6416,-340,270,FALSE,,,,0,,1,,,0,0,11272.05966
08/08/2025,MIN,WAS,0.864,-575,425,FALSE,,,,0,,1,,,0,0,11272.05966
16/08/2025,MIN,NYL,0.7868,-120,100,FALSE,,,,0,,1,,,0,0,11272.05966
24/08/2025,MIN,IND,0.8043,-800,550,FALSE,,,,0,,1,,,0,0,11272.05966
28/08/2025,MIN,SEA,0.7687,-410,320,FALSE,,,,0,,0,,,0,0,11272.05966
01/09/2025,MIN,DAL,0.7924,-1600,900,FALSE,,,,0,,1,,,0,0,11272.05966
11/09/2025,MIN,GSV,0.7572,-290,235,FALSE,,,,0,,1,,,0,0,11272.05966
17/05/2025,NYL,LA,0.5421,-180,150,FALSE,,,,0,,1,,,0,0,11272.05966
27/05/2025,NYL,GSV,0.889,-1450,850,FALSE,,,,0,,1,,,0,0,11272.05966
29/05/2025,NYL,GSV,0.9378,-2400,1200,FALSE,,,,0,,1,,,0,0,11272.05966
01/06/2025,NYL,CON,0.8929,-1800,1000,FALSE,,,,0,,1,,,0,0,11272.05966
10/06/2025,NYL,CHI,0.9487,-2100,1100,FALSE,,,,0,,1,,,0,0,11272.05966
17/06/2025,NYL,ATL,0.8313,-395,310,FALSE,,,,0,,1,,,0,0,11272.05966
19/06/2025,NYL,PHO,0.9217,-750,525,FALSE,,,,0,,0,,,0,0,11272.05966
03/07/2025,NYL,LA,0.8188,-575,425,FALSE,,,,0,,1,,,0,0,11272.05966
06/07/2025,NYL,SEA,0.5291,-192,160,FALSE,,,,0,,0,,,0,0,11272.05966
08/07/2025,NYL,LA,0.7759,-218,180,FALSE,,,,0,,1,,,0,0,11272.05966
13/07/2025,NYL,ATL,0.5041,-192,160,FALSE,,,,0,,1,,,0,0,11272.05966
16/07/2025,NYL,IND,0.5516,-535,400,FALSE,,,,0,,1,,,0,0,11272.05966
22/07/2025,NYL,IND,0.6478,-550,410,FALSE,,,,0,,1,,,0,0,11272.05966
25/07/2025,NYL,PHO,0.7054,-278,225,FALSE,,,,0,,1,,,0,0,11272.05966
26/07/2025,NYL,LA,0.9241,-675,490,FALSE,,,,0,,0,,,0,0,11272.05966
05/08/2025,NYL,DAL,0.8079,-440,340,FALSE,,,,0,,1,,,0,0,11272.05966
10/08/2025,NYL,MIN,0.6384,-180,150,FALSE,,,,0,,0,,,0,0,11272.05966
19/08/2025,NYL,MIN,0.5086,-135,114,FALSE,,,,0,,1,,,0,0,11272.05966
21/08/2025,NYL,CHI,0.8139,-1200,750,FALSE,,,,0,,0,,,0,0,11272.05966
25/08/2025,NYL,CON,0.5348,-700,500,FALSE,,,,0,,1,,,0,0,11272.05966
28/08/2025,NYL,WAS,0.6378,-750,525,FALSE,,,,0,,1,,,0,0,11272.05966
09/09/2025,NYL,WAS,0.8501,-1100,700,FALSE,,,,0,,1,,,0,0,11272.05966
17/05/2025,PHO,SEA,0.3443,142,-170,FALSE,,,,0,,1,,,0,0,11272.05966
21/05/2025,PHO,LA,0.652,-238,195,FALSE,,,,0,,1,,,0,0,11272.05966
25/05/2025,PHO,WAS,0.7399,-225,185,FALSE,,,,0,,1,,,0,0,11272.05966
27/05/2025,PHO,CHI,0.751,-325,260,FALSE,,,,0,,1,,,0,0,11272.05966
30/05/2025,PHO,MIN,0.507,150,-180,FALSE,,,,0,,0,,,0,0,11272.05966
05/06/2025,PHO,GSV,0.753,-218,180,FALSE,,,,0,,1,,,0,0,11272.05966
07/06/2025,PHO,SEA,0.4001,210,-258,FALSE,,,,0,,0,,,0,0,11272.05966
11/06/2025,PHO,DAL,0.7504,-285,230,FALSE,,,,0,,1,,,0,0,11272.05966
27/06/2025,PHO,NYL,0.4584,-115,-105,FALSE,,,,0,,1,,,0,0,11272.05966
29/06/2025,PHO,LA,0.588,-258,210,FALSE,,,,0,,0,,,0,0,11272.05966
07/07/2025,PHO,DAL,0.6373,-250,205,FALSE,,,,0,,1,,,0,0,11272.05966
09/07/2025,PHO,MIN,0.3216,250,-310,FALSE,,,,0,,1,,,0,0,11272.05966
23/07/2025,PHO,ATL,0.5296,-310,250,TRUE,ATL,19.62,250,3,0.6464,0,1,2.5,100,350,11522.05966
05/08/2025,PHO,CON,0.7567,-1350,800,FALSE,,,,0,,1,,,0,0,11522.05966
07/08/2025,PHO,IND,0.4421,-205,170,TRUE,IND,20.26,170,3,0.5063,1,0,-1,100,0,11422.05966
10/08/2025,PHO,ATL,0.4499,-166,140,FALSE,,,,0,,0,,,0,0,11422.05966
15/08/2025,PHO,LA,0.6514,-192,160,FALSE,,,,0,,0,,,0,0,11422.05966
22/08/2025,PHO,GSV,0.7541,-238,195,FALSE,,,,0,,1,,,0,0,11422.05966
28/08/2025,PHO,CHI,0.8794,-750,525,FALSE,,,,0,,1,,,0,0,11422.05966
30/08/2025,PHO,NYL,0.6489,-122,102,FALSE,,,,0,,1,,,0,0,11422.05966
02/09/2025,PHO,IND,0.7002,-230,190,FALSE,,,,0,,1,,,0,0,11422.05966
09/09/2025,PHO,LA,0.4755,-340,270,TRUE,LA,26.54,270,3,0.9407,0,1,2.7,100,370,11692.05966
23/05/2025,SEA,PHO,0.6195,-230,190,FALSE,,,,0,,1,,,0,0,11692.05966
25/05/2025,SEA,LA,0.51,150,-180,FALSE,,,,0,,1,,,0,0,11692.05966
30/05/2025,SEA,ATL,0.5862,-180,150,FALSE,,,,0,,0,,,0,0,11692.05966
01/06/2025,SEA,LA,0.542,136,-162,FALSE,,,,0,,0,,,0,0,11692.05966
03/06/2025,SEA,DAL,0.671,-500,380,FALSE,,,,0,,1,,,0,0,11692.05966
11/06/2025,SEA,MIN,0.4304,150,-180,FALSE,,,,0,,1,,,0,0,11692.05966
22/06/2025,SEA,NYL,0.3963,136,-162,FALSE,,,,0,,1,,,0,0,11692.05966
24/06/2025,SEA,IND,0.786,-166,140,FALSE,,,,0,,0,,,0,0,11692.05966
27/06/2025,SEA,CON,0.8506,-2800,1300,FALSE,,,,0,,1,,,0,0,11692.05966
11/07/2025,SEA,CON,0.7988,-2800,1300,FALSE,,,,0,,1,,,0,0,11692.05966
13/07/2025,SEA,WAS,0.6411,-270,220,FALSE,,,,0,,0,,,0,0,11692.05966
16/07/2025,SEA,GSV,0.5633,-230,190,FALSE,,,,0,,1,,,0,0,11692.05966
22/07/2025,SEA,DAL,0.7778,-395,310,FALSE,,,,0,,0,,,0,0,11692.05966
01/08/2025,SEA,LA,0.7231,-230,190,FALSE,,,,0,,0,,,0,0,11692.05966
03/08/2025,SEA,IND,0.6475,-135,114,FALSE,,,,0,,0,,,0,0,11692.05966
05/08/2025,SEA,MIN,0.3976,-130,110,FALSE,,,,0,,0,,,0,0,11692.05966
13/08/2025,SEA,ATL,0.3587,-112,-108,FALSE,,,,0,,0,,,0,0,11692.05966
17/08/2025,SEA,PHO,0.6074,-108,-112,FALSE,,,,0,,0,,,0,0,11692.05966
30/08/2025,SEA,CHI,0.9349,-900,600,FALSE,,,,0,,1,,,0,0,11692.05966
01/09/2025,SEA,LA,0.6337,-355,280,FALSE,,,,0,,0,,,0,0,11692.05966
05/09/2025,SEA,NYL,0.756,-125,105,FALSE,,,,0,,0,,,0,0,11692.05966
09/09/2025,SEA,GSV,0.7773,-270,220,FALSE,,,,0,,1,,,0,0,11692.05966
16/05/2025,WAS,ATL,0.5008,240,-310,FALSE,,,,0,,1,,,0,0,11692.05966
28/05/2025,WAS,IND,0.3874,154,-185,FALSE,,,,0,,1,,,0,0,11692.05966
30/05/2025,WAS,NYL,0.2131,330,-425,FALSE,,,,0,,0,,,0,0,11692.05966
05/06/2025,WAS,NYL,0.2989,675,-1050,FALSE,,,,0,,0,,,0,0,11692.05966
08/06/2025,WAS,CON,0.4755,-298,240,TRUE,CON,24.25,240,3,0.7834,1,0,-1,100,0,11592.05966
15/06/2025,WAS,ATL,0.346,180,-218,FALSE,,,,0,,0,,,0,0,11592.05966
22/06/2025,WAS,DAL,0.6807,-180,150,FALSE,,,,0,,1,,,0,0,11592.05966
24/06/2025,WAS,MIN,0.2898,350,-455,FALSE,,,,0,,1,,,0,0,11592.05966
08/07/2025,WAS,CHI,0.6171,-278,225,FALSE,,,,0,,1,,,0,0,11592.05966
10/07/2025,WAS,LA,0.4566,-135,114,FALSE,,,,0,,1,,,0,0,11592.05966
22/07/2025,WAS,LA,0.3808,-162,136,TRUE,LA,21.26,136,3,0.4614,0,1,1.36,100,236,11728.05966
26/07/2025,WAS,SEA,0.4764,164,-198,FALSE,,,,0,,1,,,0,0,11728.05966
27/07/2025,WAS,PHO,0.3069,245,-305,FALSE,,,,0,,0,,,0,0,11728.05966
29/07/2025,WAS,CHI,0.7482,-298,240,FALSE,,,,0,,1,,,0,0,11728.05966
31/07/2025,WAS,GSV,0.6016,-198,164,FALSE,,,,0,,0,,,0,0,11728.05966
13/08/2025,WAS,GSV,0.6143,-120,100,FALSE,,,,0,,0,,,0,0,11728.05966
17/08/2025,WAS,LA,0.6434,140,-166,FALSE,,,,0,,1,,,0,0,11728.05966
19/08/2025,WAS,CON,0.3682,-265,215,TRUE,CON,32.76,215,3,0.9903,0,1,2.15,100,315,11943.05966
23/08/2025,WAS,LA,0.4205,275,-345,FALSE,,,,0,,0,,,0,0,11943.05966
24/08/2025,WAS,SEA,0.346,350,-455,FALSE,,,,0,,0,,,0,0,11943.05966
04/09/2025,WAS,PHO,0.2689,340,-440,FALSE,,,,0,,0,,,0,0,11943.05966
07/09/2025,WAS,IND,0.1646,200,-245,TRUE,IND,15.48,-245,3,0.1763,0,1,0.4082,100,140.8163265,11983.87598
,,,,,,,,,,,,,,,2400,4383.875983,
